mfr,fat
A,1.0
G,1.3636363636363635
K,0.6086956521739131
N,0.0
P,0.75
Q,1.2857142857142858
R,0.6666666666666666
