mfr,calories
A,100.0
G,111.36363636363636
K,108.69565217391305
N,90.0
P,107.5
Q,95.0
R,103.33333333333333
